scenario_id,split,regime,wind_uncertainty_pct,current_uncertainty_pct,horizon_days,lane_offset_nm,ship_length_m,ship_beam_m,ship_pos_pct,start_x,start_y,n_runs,incursion_probability,risk_level,mean_drift_speed_kmday,mean_drift_bearing_deg,confidence_radius_km,closest_lane_km,closest_vessel_km
sc_00000,train,storm,95.73,99.54,11,48.56,220.3,21.4,0.218,64.62,460.36,50,1.0,high,25.3,29.7,135.28,3.86,353.29
sc_00001,train,moderate,5.33,50.2,6,-34.15,78.6,16.6,0.319,74.77,457.21,50,0.0,low,15.95,28.1,24.55,55.61,325.77
sc_00002,train,moderate,84.71,9.25,14,98.82,68.0,19.1,0.605,59.89,360.92,50,1.0,high,15.95,56.3,50.41,7.18,196.35
sc_00003,test,storm,84.88,85.19,5,-127.54,222.1,24.5,0.97,62.59,383.41,50,0.0,low,25.3,64.6,47.62,134.11,139.28
sc_00004,train,moderate,77.42,39.81,5,106.5,280.7,54.9,0.447,224.83,374.27,50,1.0,high,15.95,20.9,27.05,5.81,168.24
sc_00005,train,calm,25.62,30.03,12,-30.06,371.3,54.1,0.724,248.23,375.94,50,1.0,high,8.8,41.5,13.76,14.71,37.27
sc_00006,train,moderate,93.11,76.85,10,128.34,104.6,51.0,0.546,176.85,447.09,50,0.18,moderate,15.95,25.7,55.97,13.83,178.62
sc_00007,train,moderate,72.16,31.37,8,-147.63,147.9,41.7,0.92,225.07,416.93,50,0.0,low,15.95,20.3,35.48,95.7,130.73
sc_00008,train,storm,17.15,95.9,12,-52.69,270.8,33.3,0.925,242.85,369.94,50,1.0,high,25.3,36.5,96.15,3.9,84.26
sc_00009,train,storm,48.83,36.35,7,-29.72,350.0,65.0,0.129,141.68,476.73,50,1.0,high,25.3,83.1,54.74,0.16,446.56
sc_00010,train,moderate,39.07,92.6,7,-28.63,393.9,59.2,0.842,186.68,473.25,50,1.0,high,15.95,48.9,37.38,1.45,52.71
sc_00011,val,calm,22.23,40.63,7,-5.0,367.7,42.0,0.245,54.3,424.56,50,0.0,low,8.8,15.6,13.69,90.99,371.52
sc_00012,test,storm,15.83,63.39,10,63.92,285.6,19.3,0.805,82.14,441.12,50,1.0,high,25.3,77.5,83.45,2.02,128.28
sc_00013,test,storm,39.82,53.63,7,106.65,141.5,55.7,0.395,271.4,380.32,50,0.54,high,25.3,31.2,52.63,1.47,196.39
sc_00014,train,moderate,14.76,67.27,10,52.71,192.7,67.7,0.086,113.3,370.65,50,1.0,high,15.95,63.5,42.32,6.54,442.02
sc_00015,test,storm,59.95,10.01,4,-121.45,142.5,30.0,0.888,95.65,381.85,50,0.0,low,25.3,74.0,31.86,142.04,161.97
sc_00016,test,calm,86.53,25.28,11,-112.72,244.5,41.8,0.005,206.39,388.8,50,0.0,low,8.8,43.4,19.08,95.66,431.18
sc_00017,val,moderate,53.96,38.74,5,-86.4,59.5,28.6,0.888,244.63,353.85,50,0.0,low,15.95,67.4,20.23,95.9,96.49
sc_00018,val,moderate,99.34,0.61,11,-145.5,216.1,41.0,0.396,227.74,498.75,50,0.58,high,15.95,15.7,43.89,21.48,169.45
sc_00019,train,storm,79.18,76.92,6,78.92,235.2,47.7,0.087,298.36,486.26,50,0.0,low,25.3,37.9,61.2,32.84,384.52
sc_00020,val,calm,39.73,63.47,6,-102.01,357.2,54.5,0.414,117.0,417.85,50,0.0,low,8.8,21.9,12.11,151.16,298.64
sc_00021,train,calm,52.31,39.12,11,-118.56,113.8,20.2,0.03,182.04,401.26,50,0.0,low,8.8,18.1,20.89,117.16,403.66
sc_00022,test,calm,83.55,95.54,3,-87.8,349.8,20.8,0.03,95.05,411.98,50,0.0,low,8.8,49.7,10.03,168.62,509.72
sc_00023,train,storm,17.76,16.03,10,-121.91,382.4,23.3,0.852,223.71,412.98,50,0.98,high,25.3,27.3,67.05,5.48,69.53
sc_00024,train,calm,25.14,99.16,4,-23.02,116.1,46.6,0.175,119.73,370.75,50,0.0,low,8.8,49.7,10.88,121.53,401.54
sc_00025,val,moderate,36.96,98.76,14,38.16,108.7,46.7,0.21,115.89,426.76,50,1.0,high,15.95,32.7,55.53,4.06,341.6
sc_00026,train,calm,47.73,45.81,8,1.71,119.0,40.9,0.012,280.54,427.45,50,1.0,high,8.8,11.1,14.97,5.8,369.5
sc_00027,train,storm,72.36,24.01,9,12.51,83.7,12.4,0.244,187.37,369.82,50,1.0,high,25.3,36.4,60.15,9.98,277.61
sc_00028,train,calm,84.04,73.55,4,-97.98,230.3,19.3,0.905,123.8,498.52,50,0.0,low,8.8,9.7,10.7,129.93,135.28
sc_00029,train,storm,61.28,64.86,14,-86.93,342.4,23.4,0.766,184.26,448.59,50,1.0,high,25.3,32.1,111.59,10.97,33.38
sc_00030,train,moderate,24.14,68.54,3,-125.64,398.8,46.2,0.644,123.83,468.02,50,0.0,low,15.95,17.9,13.88,153.5,216.23
sc_00031,train,moderate,71.98,26.94,4,-127.95,217.8,23.0,0.392,280.6,351.78,50,0.0,low,15.95,50.6,18.13,130.87,235.37
sc_00032,train,calm,84.27,32.49,10,70.48,86.2,15.1,0.869,276.59,431.15,50,1.0,high,8.8,6.2,21.4,0.25,11.74
sc_00033,train,calm,25.81,23.54,7,-18.31,231.6,34.8,0.899,118.37,414.61,50,0.0,low,8.8,20.8,10.13,81.79,82.12
sc_00034,train,storm,22.16,21.67,5,103.53,195.6,52.9,0.401,75.1,383.51,50,1.0,high,25.3,44.8,36.78,6.04,285.56
sc_00035,train,storm,96.66,3.25,7,12.92,396.0,15.7,0.202,213.36,389.69,50,1.0,high,25.3,85.9,58.37,6.85,348.33
sc_00036,train,moderate,30.7,84.82,7,-11.07,245.6,56.0,0.765,240.41,439.89,50,1.0,high,15.95,34.0,33.71,3.6,33.79
sc_00037,train,storm,17.83,8.56,12,108.84,275.1,16.2,0.283,192.61,486.57,50,0.0,low,25.3,42.2,67.83,21.42,335.78
sc_00038,train,storm,13.97,43.58,8,114.14,374.3,14.2,0.364,121.88,443.48,50,1.0,high,25.3,57.2,50.9,7.35,314.8
sc_00039,train,storm,26.78,56.4,10,85.15,176.3,40.1,0.175,164.64,375.71,50,1.0,high,25.3,62.5,95.14,6.11,371.81
sc_00040,test,calm,75.57,60.12,14,-145.68,152.8,49.7,0.283,256.42,397.03,50,0.0,low,8.8,18.9,25.28,94.33,232.26
sc_00041,val,moderate,32.27,20.68,4,-147.28,298.1,45.4,0.599,114.19,420.55,50,0.0,low,15.95,36.6,16.25,171.31,245.5
sc_00042,train,moderate,35.57,44.86,5,-46.31,185.0,10.9,0.621,217.68,460.68,50,0.24,moderate,15.95,33.5,23.09,27.45,124.82
sc_00043,val,calm,48.24,63.25,13,130.72,222.4,40.8,0.326,213.32,443.56,50,0.0,low,8.8,35.0,27.12,26.03,285.65
sc_00044,test,moderate,85.27,87.98,14,5.47,224.5,39.9,0.793,125.03,433.71,50,1.0,high,15.95,55.3,71.2,1.37,100.53
sc_00045,train,calm,51.94,18.72,14,-45.81,204.2,20.8,0.189,233.14,417.77,50,1.0,high,8.8,38.0,23.31,1.04,310.65
sc_00046,train,moderate,10.86,62.42,14,-45.37,257.2,23.1,0.44,132.05,468.6,50,1.0,high,15.95,21.9,45.35,4.62,177.9
sc_00047,test,calm,73.9,56.84,7,-4.84,136.9,34.8,0.267,260.34,476.36,50,0.98,high,8.8,11.5,16.85,5.25,271.52
sc_00048,train,storm,65.51,38.51,14,112.14,107.5,29.5,0.273,110.0,431.03,50,1.0,high,25.3,80.3,102.53,6.74,362.14
sc_00049,test,calm,87.7,45.31,8,-52.14,50.4,15.9,0.103,78.05,455.9,50,0.0,low,8.8,24.5,17.69,93.95,445.64
sc_00050,train,storm,0.19,26.29,9,-52.33,355.5,28.1,0.305,223.44,404.47,50,1.0,high,25.3,44.6,52.59,4.26,265.47
sc_00051,train,moderate,21.29,42.45,7,-90.27,322.6,61.3,0.43,241.81,350.03,50,0.0,low,15.95,44.0,23.69,71.2,191.08
sc_00052,test,moderate,80.65,53.83,9,138.55,284.7,23.7,0.602,68.81,499.38,50,0.36,moderate,15.95,67.0,50.74,9.47,237.44
sc_00053,val,storm,77.25,46.09,12,-25.69,245.0,47.8,0.99,240.83,432.2,50,1.0,high,25.3,62.6,96.37,4.99,35.44
sc_00054,train,storm,35.4,21.02,11,-66.33,163.6,60.4,0.715,217.3,374.78,50,1.0,high,25.3,39.8,72.85,11.46,35.54
sc_00055,train,storm,86.04,80.95,14,96.54,291.5,63.8,0.673,280.78,439.24,50,0.0,low,25.3,79.8,142.02,19.86,90.4
sc_00056,val,storm,74.51,20.78,5,-94.21,69.8,22.8,0.624,107.72,451.11,50,0.0,low,25.3,35.7,40.66,61.4,171.46
sc_00057,test,moderate,14.43,4.04,3,7.88,242.9,28.8,0.175,219.43,399.67,50,0.0,low,15.95,34.0,10.08,41.76,336.27
sc_00058,val,calm,29.56,33.3,6,76.11,148.5,49.0,0.779,257.66,467.16,50,1.0,high,8.8,41.1,8.24,8.91,55.55
sc_00059,val,calm,66.95,86.51,7,-106.7,66.1,24.0,0.39,76.6,487.55,50,0.0,low,8.8,37.8,19.76,126.54,341.99
sc_00060,train,moderate,16.75,20.97,8,20.36,384.3,67.1,0.679,220.05,481.79,50,1.0,high,15.95,9.5,23.91,4.3,61.94
sc_00061,train,storm,53.56,19.53,11,-22.89,153.5,28.2,0.226,189.36,450.18,50,1.0,high,25.3,79.0,66.87,9.85,368.38
sc_00062,val,moderate,49.45,76.22,3,98.17,270.3,51.9,0.087,175.32,358.0,50,1.0,high,15.95,61.2,18.77,3.27,403.62
sc_00063,test,storm,94.19,17.41,11,78.08,333.0,42.2,0.677,97.27,380.45,50,1.0,high,25.3,32.9,100.46,8.66,108.08
sc_00064,train,moderate,13.43,58.76,12,93.76,377.7,41.3,0.973,76.03,495.26,50,1.0,high,15.95,16.7,40.11,0.13,23.36
sc_00065,train,moderate,30.99,39.75,6,-35.15,169.1,33.5,0.448,71.06,413.36,50,0.0,low,15.95,57.4,24.77,69.15,299.95
sc_00066,train,storm,74.65,46.46,13,42.0,181.1,28.3,0.851,282.32,426.36,50,1.0,high,25.3,44.9,104.2,3.79,9.83
sc_00067,train,storm,63.5,12.81,3,-125.09,379.9,23.7,0.819,299.6,477.5,50,0.0,low,25.3,63.8,27.48,54.95,64.38
sc_00068,val,storm,49.25,6.18,8,92.94,338.9,18.1,0.795,163.64,432.59,50,1.0,high,25.3,79.2,58.35,1.84,80.55
sc_00069,val,moderate,54.19,92.49,13,-116.12,56.0,11.9,0.736,178.09,421.43,50,0.48,high,15.95,22.9,67.66,19.94,20.48
sc_00070,train,calm,94.51,77.41,11,-39.09,352.8,25.0,0.457,248.23,393.37,50,0.0,low,8.8,-3.0,30.45,63.05,135.26
sc_00071,test,calm,8.2,56.28,14,-7.02,91.8,13.2,0.17,261.17,371.26,50,1.0,high,8.8,19.9,22.26,2.24,260.0
sc_00072,train,moderate,6.26,30.93,4,100.8,60.2,14.7,0.528,167.92,434.15,50,1.0,high,15.95,17.7,14.51,3.22,174.75
sc_00073,train,calm,28.24,76.04,11,58.08,369.7,10.6,0.216,50.67,491.48,50,1.0,high,8.8,29.9,20.69,1.33,399.22
sc_00074,val,calm,60.32,73.81,11,91.91,292.0,54.1,0.919,273.12,446.07,50,0.1,low,8.8,46.1,22.31,16.81,33.6
sc_00075,train,storm,58.48,88.33,14,42.44,337.9,30.4,0.772,296.46,418.11,50,1.0,high,25.3,33.9,113.76,5.19,18.43
sc_00076,train,calm,14.65,42.05,13,47.83,387.7,60.3,0.813,154.74,351.12,50,1.0,high,8.8,18.8,18.5,4.97,18.62
sc_00077,train,moderate,28.51,9.79,12,111.82,314.9,69.8,0.644,72.23,372.46,50,1.0,high,15.95,23.3,31.92,1.2,114.33
sc_00078,train,calm,40.49,64.56,5,105.78,333.4,45.6,0.822,145.48,390.5,50,1.0,high,8.8,40.7,9.95,3.04,48.52
sc_00079,test,calm,29.19,65.52,3,-109.08,106.5,11.9,0.167,221.43,368.63,50,0.0,low,8.8,29.0,7.49,165.08,372.33
sc_00080,train,moderate,2.19,39.53,6,-81.98,146.6,67.4,0.861,297.6,410.29,50,0.12,low,15.95,57.4,18.98,30.87,35.44
sc_00081,test,storm,67.3,82.42,9,28.87,218.3,13.1,0.124,54.74,425.43,50,1.0,high,25.3,78.8,89.66,8.5,471.57
sc_00082,train,calm,38.6,37.07,5,16.14,247.0,51.7,0.902,298.59,360.39,50,0.0,low,8.8,24.6,9.23,33.5,86.66
sc_00083,train,moderate,50.87,47.24,8,-123.78,68.3,27.0,0.865,206.41,356.95,50,0.0,low,15.95,66.3,35.93,91.94,97.42
sc_00084,train,storm,61.54,29.52,7,-8.76,210.2,44.3,0.527,150.71,387.69,50,1.0,high,25.3,55.2,57.12,8.21,204.35
sc_00085,train,moderate,7.6,1.49,5,30.04,215.1,20.7,0.924,63.79,498.35,50,0.96,high,15.95,16.0,13.65,14.25,33.11
sc_00086,train,moderate,85.25,11.39,4,127.46,173.3,28.1,0.895,251.36,478.13,50,0.0,low,15.95,30.6,16.57,51.24,51.34
sc_00087,train,moderate,17.63,45.72,7,-5.25,349.6,54.3,0.14,158.76,388.76,50,0.86,high,15.95,42.4,28.57,14.07,369.72
sc_00088,train,calm,28.67,32.48,13,51.93,190.7,69.6,0.185,286.15,499.51,50,0.86,high,8.8,34.6,22.17,13.92,334.85
sc_00089,train,storm,51.38,94.43,10,-100.76,382.6,39.5,0.555,261.41,433.79,50,1.0,high,25.3,43.8,85.77,1.34,128.14
sc_00090,val,storm,48.16,49.71,4,148.52,92.2,20.1,0.05,289.04,395.79,50,0.0,low,25.3,76.9,37.62,43.37,384.21
sc_00091,train,storm,19.66,12.99,10,-11.23,387.0,66.3,0.868,142.17,484.01,50,1.0,high,25.3,85.5,50.04,3.03,102.4
sc_00092,train,storm,2.38,85.4,6,-142.26,397.4,52.1,0.043,175.14,452.68,50,0.02,low,25.3,64.6,59.75,50.05,482.65
sc_00093,val,storm,30.38,97.73,9,135.74,103.9,27.1,0.163,206.1,464.17,50,0.0,low,25.3,37.6,78.38,36.64,376.72
sc_00094,val,calm,15.77,65.93,4,127.41,200.1,54.8,0.839,211.62,487.9,50,0.0,low,8.8,5.5,9.29,42.52,66.74
sc_00095,train,calm,2.98,57.31,10,80.39,234.7,51.1,0.961,217.52,476.43,50,1.0,high,8.8,10.8,16.25,3.18,15.58
sc_00096,train,moderate,3.64,94.12,10,-20.77,70.2,30.4,0.202,160.88,451.16,50,1.0,high,15.95,66.4,41.97,2.86,392.97
sc_00097,val,calm,59.2,38.52,10,-91.94,328.1,43.0,0.144,85.75,424.06,50,0.0,low,8.8,28.0,16.24,116.97,414.82
sc_00098,train,moderate,46.41,37.98,8,109.8,61.5,23.2,0.388,99.66,387.92,50,1.0,high,15.95,8.5,26.08,3.29,211.97
sc_00099,train,moderate,15.45,2.92,6,-144.7,291.9,49.0,0.427,270.15,449.39,50,0.0,low,15.95,60.7,15.46,71.62,241.41
sc_00100,train,calm,14.12,63.97,6,-130.55,168.4,17.1,0.566,100.21,403.22,50,0.0,low,8.8,43.7,10.77,179.26,268.45
sc_00101,test,calm,62.93,13.11,13,138.47,199.8,31.9,0.54,261.24,375.49,50,0.06,low,8.8,16.2,17.19,17.57,123.81
sc_00102,train,moderate,66.42,83.66,7,116.73,327.9,63.0,0.297,278.54,415.27,50,0.0,low,15.95,66.0,37.09,24.08,270.14
sc_00103,train,calm,86.29,11.88,10,-118.55,355.9,32.2,0.291,73.54,376.82,50,0.0,low,8.8,37.7,16.76,158.4,362.54
sc_00104,train,moderate,21.81,79.62,11,-63.19,172.6,55.3,0.859,113.81,483.27,50,1.0,high,15.95,43.6,45.94,0.88,55.82
sc_00105,train,moderate,11.28,63.79,6,-97.99,290.2,69.2,0.224,108.23,350.04,50,0.0,low,15.95,20.6,21.0,148.25,342.33
sc_00106,train,calm,41.46,4.64,4,-49.65,273.0,30.0,0.605,207.15,428.57,50,0.0,low,8.8,18.1,4.86,93.37,160.55
sc_00107,train,calm,13.47,89.92,9,-41.16,78.6,36.6,0.081,81.87,364.51,50,0.0,low,8.8,4.7,19.15,133.6,411.11
sc_00108,train,moderate,20.62,50.54,9,-34.17,128.4,15.1,0.274,238.56,371.39,50,1.0,high,15.95,42.4,29.01,2.67,252.78
sc_00109,train,calm,87.54,35.74,5,-42.56,76.5,37.7,0.782,241.14,352.47,50,0.0,low,8.8,41.9,13.09,96.32,97.42
sc_00110,test,storm,90.01,50.09,13,129.94,261.2,46.5,0.422,196.22,384.22,50,0.92,high,25.3,71.2,92.55,6.41,233.06
sc_00111,test,storm,55.47,25.57,10,-67.27,212.4,59.3,0.173,224.57,366.65,50,1.0,high,25.3,84.4,72.41,8.8,373.67
sc_00112,test,storm,68.06,99.52,8,59.54,375.3,20.8,0.692,285.05,472.76,50,0.24,moderate,25.3,28.0,93.05,7.59,85.25
sc_00113,train,calm,38.91,46.48,5,-104.99,166.0,61.5,0.748,200.91,446.69,50,0.0,low,8.8,24.5,10.29,120.31,138.32
sc_00114,test,moderate,46.18,58.61,14,108.87,126.3,46.2,0.223,81.1,433.75,50,1.0,high,15.95,60.1,53.49,7.29,401.36
sc_00115,train,calm,33.54,65.06,10,-42.94,67.1,33.1,0.179,70.49,498.58,50,0.0,low,8.8,-7.8,21.68,87.71,383.92
sc_00116,val,calm,4.84,17.04,13,-7.39,336.4,55.8,0.147,115.5,463.11,50,1.0,high,8.8,33.1,14.0,3.27,394.04
sc_00117,train,storm,78.5,5.09,10,-116.78,211.4,15.4,0.681,170.03,488.27,50,1.0,high,25.3,58.2,68.69,10.71,164.41
sc_00118,val,calm,98.07,33.65,3,9.47,377.4,49.5,0.822,187.12,453.8,50,0.0,low,8.8,33.0,7.44,47.88,69.58
sc_00119,test,moderate,67.92,28.05,6,-27.06,221.4,18.4,0.7,286.74,492.15,50,1.0,high,15.95,42.1,22.0,4.8,75.75
sc_00120,train,moderate,22.21,76.76,7,-12.23,157.8,24.4,0.575,132.71,396.86,50,0.46,high,15.95,45.6,28.33,23.95,176.75
sc_00121,train,moderate,31.48,35.51,9,29.14,375.2,32.6,0.664,170.15,400.32,50,1.0,high,15.95,38.1,30.96,3.53,97.57
sc_00122,train,moderate,17.24,79.53,5,146.53,112.5,18.6,0.171,66.38,369.85,50,1.0,high,15.95,38.4,22.92,3.24,392.96
sc_00123,train,storm,85.42,23.66,9,-134.38,124.4,61.1,0.569,184.81,362.69,50,0.82,high,25.3,61.6,66.78,10.51,190.88
sc_00124,train,moderate,64.09,87.68,12,-119.34,117.6,21.9,0.349,162.62,463.04,50,0.84,high,15.95,31.9,54.85,4.41,242.84
sc_00125,test,storm,39.12,41.77,14,-125.42,204.3,18.8,0.689,258.72,397.69,50,1.0,high,25.3,51.5,91.36,5.34,69.18
sc_00126,train,storm,85.52,52.31,8,128.32,213.8,60.7,0.046,266.53,369.86,50,0.04,low,25.3,48.5,79.33,8.99,384.93
sc_00127,train,moderate,62.25,1.98,14,-90.29,89.9,26.8,0.961,77.27,482.05,50,1.0,high,15.95,25.5,43.17,5.76,39.42
sc_00128,train,calm,43.48,42.93,9,-147.63,205.4,62.7,0.225,223.73,392.35,50,0.0,low,8.8,2.2,15.8,159.2,306.02
sc_00129,train,calm,68.87,56.4,3,-86.63,62.6,22.2,0.067,52.43,383.38,50,0.0,low,8.8,32.4,8.01,197.08,504.18
sc_00130,train,moderate,18.63,5.21,9,137.05,72.9,17.9,0.73,154.56,399.76,50,1.0,high,15.95,23.8,23.61,5.83,86.63
sc_00131,train,moderate,77.2,33.41,8,-130.0,197.0,62.3,0.171,184.34,459.87,50,0.0,low,15.95,10.7,35.8,86.48,317.8
sc_00132,train,storm,30.89,74.7,3,5.46,295.6,68.3,0.42,193.9,430.88,50,0.86,high,25.3,62.4,32.71,13.49,257.5
sc_00133,train,calm,50.48,91.76,13,102.34,369.2,52.7,0.456,223.78,382.16,50,1.0,high,8.8,44.1,28.07,2.75,196.69
sc_00134,train,calm,55.26,33.42,6,94.99,126.2,53.2,0.591,261.85,479.31,50,0.0,low,8.8,40.1,12.16,30.19,153.9
sc_00135,test,calm,15.53,36.15,8,21.12,381.5,23.2,0.975,239.68,435.73,50,1.0,high,8.8,47.9,12.43,1.73,49.89
sc_00136,val,calm,62.78,39.1,8,-143.8,275.5,23.2,0.709,81.94,428.17,50,0.0,low,8.8,11.6,13.2,184.96,213.43
sc_00137,train,moderate,52.75,68.3,11,58.69,309.7,37.8,0.231,103.1,491.76,50,1.0,high,15.95,12.4,42.6,1.36,307.13
sc_00138,train,moderate,45.07,45.98,10,126.43,368.8,10.6,0.414,106.57,461.73,50,1.0,high,15.95,32.4,33.88,4.16,284.34
sc_00139,train,storm,67.32,84.37,13,-29.4,357.5,37.0,0.472,218.46,484.9,50,1.0,high,25.3,66.8,124.6,12.6,243.03
sc_00140,test,calm,5.36,7.23,11,-101.78,229.5,47.9,0.448,244.4,482.15,50,0.0,low,8.8,44.9,10.04,30.5,218.6
sc_00141,train,calm,22.08,91.07,4,-109.98,251.9,64.2,0.312,196.34,379.01,50,0.0,low,8.8,49.4,10.12,160.0,325.26
sc_00142,test,calm,79.85,34.44,11,-132.74,144.2,18.4,0.845,233.85,413.36,50,0.0,low,8.8,29.8,22.16,98.07,101.1
sc_00143,train,moderate,46.04,94.43,11,64.17,342.2,34.8,0.448,237.03,409.38,50,1.0,high,15.95,15.9,48.19,2.34,143.56
sc_00144,train,moderate,72.54,43.29,11,52.48,156.8,30.3,0.609,241.03,415.18,50,1.0,high,15.95,42.6,46.6,6.77,121.52
sc_00145,train,calm,4.92,8.94,12,-78.58,218.2,30.7,0.64,207.44,463.98,50,0.02,low,8.8,34.3,11.83,28.94,114.89
sc_00146,train,moderate,45.57,17.6,9,15.8,116.9,42.4,0.472,72.6,399.86,50,1.0,high,15.95,53.7,29.15,3.02,267.08
sc_00147,val,moderate,49.47,49.48,11,123.58,136.2,63.2,0.519,90.89,434.48,50,1.0,high,15.95,63.4,41.98,6.93,248.88
sc_00148,train,storm,82.03,44.14,7,-92.35,270.8,66.7,0.366,260.74,395.75,50,1.0,high,25.3,50.2,57.7,6.77,217.3
sc_00149,train,storm,43.15,12.85,12,133.09,85.0,30.1,0.533,197.24,376.03,50,0.98,high,25.3,29.6,82.06,7.27,159.94
sc_00150,test,calm,47.85,92.94,3,134.2,211.6,28.4,0.765,113.39,434.28,50,1.0,high,8.8,50.9,9.88,0.23,114.65
sc_00151,train,storm,34.07,21.01,12,85.6,61.1,15.3,0.449,98.56,419.22,50,1.0,high,25.3,69.8,69.78,9.03,280.08
sc_00152,train,storm,11.48,93.08,8,57.01,269.9,18.7,0.043,177.98,449.55,50,1.0,high,25.3,72.7,67.67,6.36,453.33
sc_00153,train,storm,33.48,90.59,5,29.81,334.7,51.3,0.412,195.7,436.01,50,1.0,high,25.3,44.2,49.21,6.83,238.9
sc_00154,train,calm,41.79,18.89,8,3.98,232.4,69.3,0.527,108.63,415.04,50,0.0,low,8.8,3.0,12.45,74.4,190.43
sc_00155,val,storm,94.67,44.15,7,135.51,227.3,47.8,0.082,216.1,425.87,50,0.0,low,25.3,52.9,58.23,22.8,408.29
sc_00156,train,storm,83.54,20.66,12,-142.02,141.1,66.8,0.806,136.46,480.04,50,1.0,high,25.3,33.2,83.11,10.96,27.97
sc_00157,train,moderate,23.37,54.09,8,24.5,115.5,31.0,0.699,262.91,486.73,50,1.0,high,15.95,45.1,27.36,3.79,95.92
sc_00158,train,moderate,3.16,91.04,14,32.01,121.0,46.1,0.445,207.47,425.36,50,1.0,high,15.95,9.3,61.43,5.49,118.21
sc_00159,train,moderate,49.54,17.56,8,94.13,392.4,64.8,0.507,110.95,429.93,50,1.0,high,15.95,16.9,28.45,4.36,178.59
sc_00160,train,moderate,47.19,15.48,11,37.66,59.2,24.6,0.586,223.89,395.51,50,1.0,high,15.95,26.3,30.86,6.09,95.36
sc_00161,train,moderate,94.33,52.33,10,-112.05,207.6,66.2,0.644,113.15,402.85,50,0.0,low,15.95,31.2,46.95,70.19,132.22
sc_00162,val,moderate,74.44,52.64,3,34.6,143.3,63.8,0.915,146.66,355.95,50,0.0,low,15.95,19.0,17.82,69.17,73.48
sc_00163,val,calm,82.06,19.55,5,-85.49,209.8,13.2,0.736,127.31,351.49,50,0.0,low,8.8,6.0,11.0,179.84,191.2
sc_00164,train,calm,4.38,52.48,13,44.3,148.8,56.0,0.798,124.06,407.58,50,0.58,high,8.8,-2.8,17.91,23.3,25.18
sc_00165,val,calm,99.96,1.82,9,-112.39,261.5,29.0,0.604,116.33,359.22,50,0.0,low,8.8,45.8,17.17,153.86,220.09
sc_00166,train,calm,0.81,15.55,13,81.13,335.7,27.8,0.533,62.87,404.72,50,1.0,high,8.8,17.6,12.71,0.22,179.09
sc_00167,train,calm,52.87,10.13,5,56.0,263.0,41.5,0.592,287.61,365.46,50,0.98,high,8.8,-1.3,7.52,16.92,68.01
sc_00168,train,storm,16.0,69.68,10,-47.53,242.3,54.5,0.905,127.94,398.26,50,1.0,high,25.3,28.0,68.92,11.25,49.08
sc_00169,val,calm,23.37,37.64,14,61.7,398.6,37.6,0.204,117.41,461.09,50,1.0,high,8.8,-3.5,22.72,1.6,301.57
sc_00170,train,storm,92.85,67.17,4,119.2,144.1,37.3,0.105,224.68,394.06,50,0.54,high,25.3,78.3,46.55,1.02,382.2
sc_00171,val,calm,20.95,75.13,5,141.78,305.0,43.4,0.279,142.94,479.73,50,0.0,low,8.8,36.3,11.04,27.51,352.88
sc_00172,test,storm,7.02,81.05,9,-86.28,227.3,51.0,0.56,203.7,495.21,50,1.0,high,25.3,45.6,74.79,2.57,175.92
sc_00173,train,calm,5.29,87.77,12,-26.55,352.4,24.2,0.573,133.09,433.16,50,0.0,low,8.8,9.5,22.46,52.18,140.91
sc_00174,test,storm,84.42,29.38,9,-74.49,375.6,61.4,0.515,97.85,420.4,50,1.0,high,25.3,66.7,64.83,5.74,278.65
sc_00175,val,storm,80.05,71.51,7,67.76,52.1,17.0,0.304,114.48,417.7,50,1.0,high,25.3,28.1,69.89,2.15,290.07
sc_00176,test,moderate,17.92,60.06,7,51.7,382.5,35.8,0.012,251.72,410.63,50,1.0,high,15.95,37.5,27.45,7.1,396.57
sc_00177,train,moderate,40.62,16.38,7,54.36,233.5,63.4,0.878,229.86,428.32,50,1.0,high,15.95,36.1,24.3,4.32,7.09
sc_00178,train,moderate,81.87,48.33,13,122.91,274.1,68.7,0.486,278.66,351.34,50,1.0,high,15.95,22.7,53.22,0.6,131.35
sc_00179,val,storm,14.5,15.86,6,-144.76,53.1,14.4,0.541,91.08,399.51,50,0.0,low,25.3,30.5,36.68,109.73,198.35
sc_00180,val,calm,92.05,66.14,7,-55.36,349.7,63.0,0.89,95.0,368.07,50,0.0,low,8.8,36.2,18.86,133.25,134.91
sc_00181,train,moderate,62.42,48.92,6,-94.19,285.7,58.0,0.891,101.91,413.57,50,0.0,low,15.95,21.2,25.17,117.03,117.05
sc_00182,train,storm,35.85,82.61,6,127.95,224.5,58.2,0.321,198.78,351.56,50,1.0,high,25.3,55.7,47.41,1.93,272.45
sc_00183,test,calm,89.78,81.71,8,132.97,219.2,68.2,0.829,239.37,494.64,50,0.0,low,8.8,46.2,23.25,58.86,75.33
sc_00184,train,storm,57.28,1.18,6,-61.08,103.2,46.2,0.42,154.65,384.79,50,0.2,moderate,25.3,28.3,40.36,31.31,197.01
sc_00185,test,calm,35.79,81.51,7,129.19,209.3,34.5,0.552,112.96,350.24,50,1.0,high,8.8,15.4,14.05,0.77,157.12
sc_00186,val,moderate,47.32,39.72,8,146.24,76.9,30.0,0.17,191.04,447.0,50,0.0,low,15.95,17.9,28.89,32.21,338.88
sc_00187,train,calm,89.54,31.5,3,-141.4,315.7,28.0,0.692,192.79,457.63,50,0.0,low,8.8,28.4,7.54,161.09,196.54
sc_00188,train,storm,70.08,33.42,10,-89.53,314.8,26.5,0.123,149.59,385.28,50,1.0,high,25.3,52.6,69.65,1.05,409.33
sc_00189,train,storm,51.49,10.72,7,115.49,274.4,59.9,0.297,120.37,464.24,50,0.96,high,25.3,35.1,47.51,6.96,338.29
sc_00190,train,calm,30.9,84.82,11,-48.41,78.0,23.1,0.193,112.72,499.34,50,0.04,low,8.8,26.8,20.35,36.73,378.96
sc_00191,train,calm,33.62,22.75,7,-147.37,371.9,29.5,0.94,136.28,393.06,50,0.0,low,8.8,39.8,10.22,176.83,177.12
sc_00192,train,moderate,58.54,55.15,13,118.28,251.3,23.1,0.392,121.97,455.25,50,1.0,high,15.95,51.1,49.67,7.44,301.57
sc_00193,test,moderate,86.66,96.52,4,51.56,399.8,16.8,0.503,155.86,382.27,50,0.06,low,15.95,11.0,26.05,37.48,170.27
sc_00194,test,calm,46.9,72.13,7,109.47,119.4,33.9,0.945,103.61,363.6,50,1.0,high,8.8,27.5,13.93,5.74,19.3
sc_00195,train,storm,12.57,6.6,14,24.91,94.2,39.9,0.54,133.99,437.18,50,1.0,high,25.3,33.6,73.2,9.74,182.91
sc_00196,train,calm,98.39,84.53,10,-84.06,182.8,63.5,0.302,124.93,398.49,50,0.0,low,8.8,48.2,28.47,105.05,338.93
sc_00197,val,moderate,51.09,35.51,11,-77.21,166.8,34.0,0.394,105.81,399.7,50,0.5,high,15.95,40.2,42.67,23.46,257.5
sc_00198,train,calm,82.62,73.47,5,66.82,211.2,69.8,0.048,101.63,351.43,50,0.0,low,8.8,12.5,15.64,68.96,429.59
sc_00199,train,moderate,12.64,72.01,10,24.23,69.4,32.9,0.539,287.1,408.46,50,1.0,high,15.95,30.1,40.55,3.89,110.32
sc_00200,train,moderate,30.25,54.5,7,9.44,369.1,19.1,0.227,106.52,493.55,50,0.98,high,15.95,23.5,30.8,0.91,351.82
sc_00201,train,calm,47.49,45.71,7,134.81,84.0,30.4,0.141,146.3,465.37,50,0.58,high,8.8,-0.9,12.46,16.9,377.13
sc_00202,train,moderate,39.78,86.47,9,-117.49,67.6,12.2,0.401,72.3,398.58,50,0.0,low,15.95,48.6,41.57,95.84,306.25
sc_00203,train,moderate,26.21,25.43,9,107.8,171.3,24.3,0.269,196.62,393.85,50,1.0,high,15.95,42.6,27.56,3.56,305.24
sc_00204,train,moderate,95.32,3.43,6,60.98,163.3,49.5,0.538,203.28,446.38,50,1.0,high,15.95,16.0,26.7,5.15,142.3
sc_00205,train,moderate,4.73,68.11,14,-29.61,93.8,29.7,0.691,283.58,463.93,50,1.0,high,15.95,44.9,45.76,4.06,75.37
sc_00206,train,calm,8.17,5.05,13,-38.98,373.0,31.6,0.257,238.56,363.5,50,0.16,moderate,8.8,31.3,12.34,25.95,249.27
sc_00207,train,moderate,46.46,60.18,12,-117.56,377.3,32.8,0.065,66.21,363.41,50,0.0,low,15.95,57.9,54.01,65.0,485.14
sc_00208,train,storm,1.03,66.08,14,52.4,169.2,49.0,0.095,76.1,425.08,50,1.0,high,25.3,68.4,83.59,5.73,470.97
sc_00209,train,storm,22.95,11.45,14,141.92,305.4,53.7,0.728,156.62,424.56,50,0.02,low,25.3,59.4,92.42,7.71,111.04
sc_00210,train,moderate,87.11,66.97,12,-100.82,399.8,65.4,0.983,191.46,405.37,50,1.0,high,15.95,52.0,57.35,5.18,43.56
sc_00211,train,storm,19.32,15.18,5,35.11,310.7,51.6,0.733,178.3,493.06,50,1.0,high,25.3,65.8,31.55,10.27,126.04
sc_00212,train,moderate,61.18,63.95,12,-81.07,82.4,36.2,0.7,214.28,484.46,50,1.0,high,15.95,54.8,63.11,3.7,131.71
sc_00213,val,storm,79.16,87.74,9,121.8,115.5,54.4,0.729,119.2,486.36,50,0.24,moderate,25.3,72.0,100.12,7.3,147.14
sc_00214,test,calm,12.78,14.23,11,-96.07,218.6,54.2,0.364,167.17,381.99,50,0.0,low,8.8,48.9,12.43,95.7,282.23
sc_00215,train,moderate,76.73,77.1,8,74.43,98.5,47.3,0.97,83.01,366.27,50,1.0,high,15.95,28.0,40.91,4.11,36.05
sc_00216,test,calm,21.35,82.95,6,-71.63,73.1,33.2,0.421,81.85,451.27,50,0.0,low,8.8,10.3,13.08,133.03,301.8
sc_00217,train,moderate,43.26,97.81,5,19.49,171.7,60.5,0.713,96.24,478.24,50,0.36,moderate,15.95,11.3,27.79,26.5,114.74
sc_00218,val,storm,23.95,18.6,5,-75.46,284.2,62.8,0.098,211.01,389.34,50,0.04,low,25.3,68.0,33.72,39.0,417.52
sc_00219,train,moderate,32.03,29.39,8,-131.87,85.0,17.9,0.436,288.12,360.26,50,0.0,low,15.95,14.6,28.43,91.32,135.16
sc_00220,train,moderate,35.96,76.93,11,-121.72,350.6,41.9,0.514,75.04,414.98,50,0.0,low,15.95,13.0,54.76,98.74,173.49
sc_00221,val,storm,44.84,96.23,4,-138.79,149.4,64.9,0.152,292.05,459.8,50,0.04,low,25.3,67.7,42.17,53.52,369.41
sc_00222,train,storm,83.27,41.55,14,123.57,378.7,34.6,0.75,76.1,456.0,50,1.0,high,25.3,58.6,113.7,2.22,146.8
sc_00223,train,moderate,30.59,42.31,8,-143.69,194.0,44.8,0.626,144.43,393.25,50,0.0,low,15.95,22.5,30.4,121.43,153.01
sc_00224,train,storm,90.22,12.85,14,-20.6,183.4,53.8,0.54,264.23,455.32,50,1.0,high,25.3,63.0,102.7,2.55,177.11
sc_00225,train,storm,58.88,38.58,12,49.44,354.3,23.3,0.966,275.38,480.82,50,0.4,moderate,25.3,46.4,78.9,0.22,41.98
sc_00226,train,calm,64.24,45.74,10,130.41,84.3,36.8,0.273,151.6,461.57,50,0.78,high,8.8,50.7,18.71,13.56,352.8
sc_00227,train,storm,43.03,40.83,5,129.73,159.5,41.9,0.314,101.72,460.08,50,0.74,high,25.3,70.9,38.27,3.94,353.57
sc_00228,train,moderate,91.95,2.16,5,-110.75,115.6,39.5,0.427,179.37,369.45,50,0.0,low,15.95,17.4,23.13,141.69,235.17
sc_00229,test,moderate,97.89,49.81,10,116.21,128.4,49.2,0.738,192.38,433.73,50,0.98,high,15.95,11.2,43.44,3.66,71.67
sc_00230,train,calm,97.97,33.92,12,-4.53,121.2,55.2,0.081,118.24,492.99,50,1.0,high,8.8,37.7,25.14,2.82,446.47
sc_00231,train,moderate,39.56,50.82,3,-77.3,239.3,57.3,0.129,147.13,496.16,50,0.0,low,15.95,33.5,14.63,88.74,430.84
sc_00232,train,storm,33.2,35.39,5,-54.58,393.0,42.0,0.791,226.52,397.84,50,0.36,moderate,25.3,83.3,44.42,27.12,103.68
sc_00233,train,moderate,67.15,95.06,6,-70.65,154.4,25.6,0.168,117.98,352.41,50,0.0,low,15.95,61.3,36.38,111.01,407.74
sc_00234,val,calm,96.46,82.02,3,-76.13,68.1,27.5,0.748,173.01,498.58,50,0.0,low,8.8,3.5,12.55,107.61,145.57
sc_00235,test,moderate,24.94,51.3,4,31.36,134.6,23.7,0.779,266.57,426.08,50,1.0,high,15.95,20.0,19.26,2.03,10.84
sc_00236,train,calm,62.16,89.47,8,63.06,227.5,16.8,0.571,188.41,365.93,50,1.0,high,8.8,44.8,18.22,0.52,147.34
sc_00237,val,calm,22.47,44.48,9,30.1,318.5,39.5,0.031,158.35,393.13,50,0.96,high,8.8,35.2,14.32,17.59,423.18
sc_00238,train,calm,56.8,2.71,14,-44.01,190.9,35.8,0.387,139.78,376.15,50,0.0,low,8.8,34.4,21.46,46.78,240.52
sc_00239,train,calm,11.66,74.67,7,-60.07,323.6,29.2,0.312,299.03,369.98,50,0.0,low,8.8,38.8,15.07,66.17,231.68
sc_00240,val,moderate,19.62,80.59,10,-47.19,261.6,14.7,0.555,114.99,464.97,50,1.0,high,15.95,59.0,39.91,5.78,240.63
sc_00241,train,moderate,49.16,52.12,10,-78.12,174.5,47.3,0.687,295.3,473.03,50,1.0,high,15.95,14.7,36.28,5.15,11.67
sc_00242,train,moderate,93.49,81.17,6,64.81,106.5,21.1,0.36,260.46,471.49,50,0.92,high,15.95,32.9,31.2,3.04,247.93
sc_00243,train,calm,96.81,83.31,7,13.87,195.7,38.4,0.893,273.36,475.27,50,1.0,high,8.8,31.7,20.98,0.89,16.72
sc_00244,train,moderate,36.1,45.62,14,-68.03,391.3,33.2,0.35,196.3,398.98,50,1.0,high,15.95,59.3,43.36,1.81,285.0
sc_00245,train,storm,51.02,59.82,10,48.24,103.4,36.1,0.328,96.52,377.9,50,1.0,high,25.3,51.1,77.11,5.84,318.45
sc_00246,train,moderate,14.2,74.93,10,-40.97,226.4,13.4,0.016,170.59,354.4,50,0.92,high,15.95,65.9,38.38,8.06,461.6
sc_00247,train,calm,49.99,67.37,13,59.65,188.9,66.0,0.454,100.71,494.24,50,1.0,high,8.8,29.2,22.58,3.5,256.81
sc_00248,train,moderate,62.79,24.31,4,53.11,267.2,33.8,0.11,151.16,477.83,50,1.0,high,15.95,22.2,20.39,0.56,407.6
sc_00249,train,calm,84.68,36.46,8,-118.4,59.8,19.8,0.359,129.36,420.44,50,0.0,low,8.8,19.7,17.02,145.49,305.71
sc_00250,train,calm,32.98,93.71,4,-122.22,256.2,10.4,0.839,180.89,381.82,50,0.0,low,8.8,14.8,10.56,179.92,180.19
sc_00251,train,moderate,55.37,52.93,5,-1.24,121.6,51.9,0.807,264.78,373.0,50,0.28,moderate,15.95,14.4,23.84,29.65,51.07
sc_00252,train,storm,92.09,37.64,4,137.46,281.7,42.8,0.381,183.57,390.63,50,0.76,high,25.3,73.7,36.49,1.92,261.3
sc_00253,train,storm,49.43,94.26,6,70.93,100.4,46.5,0.703,57.2,391.14,50,1.0,high,25.3,79.1,62.42,7.68,182.09
sc_00254,train,moderate,14.59,89.5,5,131.63,338.4,17.9,0.098,246.34,404.13,50,0.0,low,15.95,58.5,26.82,20.09,379.47
sc_00255,train,moderate,20.35,98.79,7,27.7,228.4,54.9,0.362,149.85,405.51,50,0.98,high,15.95,23.1,37.04,0.92,236.5
sc_00256,train,calm,45.31,77.96,14,98.02,361.2,35.0,0.339,247.05,384.08,50,1.0,high,8.8,13.3,27.32,1.64,195.65
sc_00257,train,moderate,28.56,83.01,7,99.05,237.2,17.2,0.347,279.77,468.28,50,0.0,low,15.95,60.3,33.52,34.3,263.34
sc_00258,test,storm,0.56,23.99,7,-113.73,87.7,31.6,0.021,234.14,481.22,50,1.0,high,25.3,28.3,37.32,2.42,378.45
sc_00259,train,calm,2.1,37.98,4,38.43,177.3,42.1,0.474,55.26,494.72,50,0.0,low,8.8,13.1,6.41,47.67,287.27
sc_00260,train,moderate,53.74,89.41,13,45.88,238.6,46.3,0.375,181.85,491.57,50,1.0,high,15.95,30.4,49.32,1.36,264.48
sc_00261,train,storm,68.01,61.6,7,97.32,355.3,20.1,0.061,242.02,427.41,50,0.34,moderate,25.3,45.8,59.12,2.55,405.38
sc_00262,train,moderate,21.23,95.8,13,-68.95,96.4,42.4,0.115,106.48,362.37,50,0.96,high,15.95,55.3,52.39,2.02,425.65
sc_00263,val,moderate,33.91,9.28,3,138.66,369.9,48.0,0.54,125.54,465.12,50,0.3,moderate,15.95,10.4,11.71,12.97,205.04
sc_00264,train,moderate,21.98,84.77,11,-42.55,194.1,51.7,0.336,140.66,487.6,50,1.0,high,15.95,64.7,44.84,5.37,351.44
sc_00265,val,calm,14.13,77.16,9,-35.24,177.7,27.0,0.326,208.31,361.92,50,0.0,low,8.8,2.5,18.66,90.32,226.05
sc_00266,train,moderate,4.32,87.7,9,33.4,355.8,59.5,0.609,193.13,404.31,50,1.0,high,15.95,54.8,36.91,2.93,149.27
sc_00267,train,storm,18.86,49.99,7,-76.42,256.2,44.5,0.237,80.25,436.2,50,0.78,high,25.3,58.8,50.93,11.61,407.62
sc_00268,train,calm,20.99,7.37,7,-100.37,117.3,34.0,0.633,125.54,475.55,50,0.0,low,8.8,48.3,8.64,105.76,211.81
sc_00269,train,moderate,70.3,32.41,10,-97.64,119.3,32.5,0.077,83.94,355.87,50,0.0,low,15.95,14.9,38.55,113.06,368.06
sc_00270,train,calm,62.89,27.51,10,20.48,343.3,33.5,0.488,202.62,362.62,50,0.98,high,8.8,35.9,16.55,16.52,164.41
sc_00271,train,calm,42.22,1.15,6,137.91,204.5,46.7,0.0,92.52,442.01,50,1.0,high,8.8,1.4,9.1,2.15,468.06
sc_00272,val,moderate,20.03,13.51,4,-20.62,331.7,34.8,0.985,131.81,353.76,50,0.0,low,15.95,20.7,13.04,105.36,123.91
sc_00273,val,calm,71.53,72.81,11,-137.88,109.2,41.6,0.566,294.44,424.03,50,0.0,low,8.8,4.5,19.67,104.44,118.93
sc_00274,train,calm,82.52,29.63,6,46.19,116.8,36.8,0.764,149.47,492.09,50,1.0,high,8.8,51.6,12.51,4.03,116.32
sc_00275,train,moderate,20.81,14.95,12,-105.15,378.0,13.4,0.888,273.96,449.2,50,1.0,high,15.95,38.3,30.39,2.62,49.91
sc_00276,train,moderate,43.05,44.65,6,-4.08,239.9,24.5,0.637,215.25,354.42,50,0.42,moderate,15.95,60.9,26.53,23.74,121.56
sc_00277,test,moderate,42.91,17.59,3,33.43,366.7,48.3,0.276,285.11,403.82,50,1.0,high,15.95,50.2,13.91,3.67,269.7
sc_00278,train,storm,93.75,89.12,7,147.46,386.2,31.1,0.891,127.1,471.14,50,0.0,low,25.3,82.7,67.29,22.91,62.05
sc_00279,test,storm,19.06,64.51,7,18.43,346.0,15.2,0.683,255.77,486.12,50,1.0,high,25.3,47.7,50.59,4.3,108.49
sc_00280,train,moderate,1.86,80.14,5,111.9,371.6,68.5,0.363,247.51,418.64,50,0.14,low,15.95,53.0,19.8,11.7,251.33
sc_00281,train,moderate,64.62,72.32,6,89.1,169.1,45.0,0.885,279.93,473.04,50,0.0,low,15.95,32.0,30.84,28.81,29.51
sc_00282,train,moderate,19.72,62.59,9,-77.05,59.3,26.8,0.979,58.38,489.34,50,0.02,low,15.95,8.4,32.54,65.32,81.84
sc_00283,train,storm,84.14,24.87,5,63.72,386.6,67.5,0.734,103.01,434.04,50,1.0,high,25.3,55.5,42.69,6.62,135.17
sc_00284,train,storm,83.52,30.85,6,-78.73,103.9,46.6,0.886,234.01,384.6,50,0.28,moderate,25.3,82.8,51.71,31.97,68.4
sc_00285,train,moderate,66.8,55.64,9,-116.03,216.9,10.7,0.268,273.38,379.27,50,0.04,low,15.95,36.5,44.72,37.95,245.17
sc_00286,train,calm,75.41,23.91,10,137.91,327.7,26.0,0.423,200.55,477.61,50,0.0,low,8.8,18.3,20.72,42.45,240.47
sc_00287,test,calm,0.51,86.88,14,15.94,65.5,26.9,0.941,278.07,496.93,50,1.0,high,8.8,48.3,22.55,0.67,27.88
sc_00288,train,storm,33.43,85.36,6,64.69,328.5,58.1,0.528,58.96,398.6,50,1.0,high,25.3,28.2,55.83,7.26,191.46
sc_00289,train,calm,38.39,85.15,9,120.27,157.7,58.3,0.581,248.71,384.43,50,1.0,high,8.8,30.6,21.25,3.41,122.4
sc_00290,test,moderate,89.21,64.98,10,-124.2,370.7,60.9,0.811,130.56,426.38,50,0.0,low,15.95,13.6,40.97,89.11,90.51
sc_00291,train,moderate,53.64,27.67,10,-95.57,132.7,34.5,0.572,139.05,414.64,50,0.0,low,15.95,9.3,41.13,73.41,113.37
sc_00292,test,storm,11.81,11.19,9,88.08,264.0,37.9,0.487,150.02,354.38,50,1.0,high,25.3,36.1,50.05,3.24,179.11
sc_00293,test,storm,93.92,83.41,13,121.84,333.7,61.2,0.758,262.77,361.97,50,0.54,high,25.3,68.9,133.03,0.71,28.65
sc_00294,val,storm,81.95,56.37,14,111.87,350.3,66.7,0.624,130.84,388.7,50,1.0,high,25.3,51.8,117.78,7.37,158.01
sc_00295,train,moderate,80.11,22.23,10,-24.45,249.4,41.0,0.286,63.62,460.01,50,1.0,high,15.95,59.9,42.45,1.71,399.21
sc_00296,train,moderate,30.47,37.64,7,43.8,317.9,61.4,0.115,130.17,486.57,50,1.0,high,15.95,45.2,24.19,2.69,439.14
sc_00297,train,calm,88.51,47.02,10,-115.23,128.7,37.4,0.307,96.27,459.42,50,0.0,low,8.8,42.6,17.16,110.95,360.65
sc_00298,train,storm,20.44,62.69,7,20.36,210.2,16.5,0.147,140.74,473.19,50,1.0,high,25.3,76.0,55.31,4.21,429.61
sc_00299,train,storm,35.94,88.7,13,68.66,91.4,26.8,0.641,116.15,392.69,50,1.0,high,25.3,49.7,128.15,3.75,156.02
